Comment,Replies
Guruji sadar jay siya ramğŸ™,No replies
ğŸŒ¹ğŸŒ¹ Jay siya ram ğŸŒ¹ğŸŒ¹,No replies
ğŸ’ğŸ’ğŸ™‚ğŸ™ğŸ™,No replies
Jay shree Ram,No replies
Jai Shree ram Ji Maharaj Pujay Rajan Maharaj Ji jai hooiii ğŸ›•ğŸ™ğŸš©ğŸš©,No replies
Jai shree Ram,No replies
à¤œà¤¯ à¤œà¤¯ à¤¶à¥à¤°à¥€ à¤¸à¥€à¤¤à¤¾à¤°à¤¾à¤® â¤â¤ğŸ™ğŸ™,No replies
Jay Siyaram ğŸš©ğŸš©Aaj Yahi Bhajan Sunne ki iccha thi pr bol yaad nahi aa Raha the â¤ Jay Guru Ji ğŸ™â¤,No replies
à¤œà¤¯ à¤¸à¤¿à¤¯à¤¾ à¤°à¤¾à¤® à¤—à¥à¤°à¥ à¤œà¥€ à¤°à¤¾à¤œà¤¨ à¤œà¥€ à¤®à¤¹à¤°à¤¾à¤œ â¤,No replies
Jay Shri Sitaram Guruji aapko Koti Koti Sadar Pranam,No replies
